Workbook
Name Slicer_Region1: #N/A

Sheet Data
A1: OrderID | B1: Date | C1: Region | D1: Salesperson | E1: Category | F1: Product | G1: Units | H1: UnitPrice | I1: Discount | J1: Revenue | K1: Rank
A2: 1002 | B2: 45658 | C2: North | D2: Amit | E2: Electronics | F2: Laptop | G2: 7 | H2: 50000 | I2: 0 | J2: =G2*H2*(1-I2) -> 350000 | K2: =_xlfn.RANK.EQ(Data!J2,Data!J2:J501,0) -> 25
A3: 1003 | B3: 45659 | C3: South | D3: Neha | E3: Furniture | F3: Desk | G3: 10 | H3: 500 | I3: 0.05 | J3: =G3*H3*(1-I3) -> 4750 | K3: =_xlfn.RANK.EQ(Data!J3,Data!J3:J502,1) -> 190
A4: 1004 | B4: 45660 | C4: East | D4: Ravi | E4: Office Supplies | F4: Marker | G4: 13 | H4: 1500 | I4: 0.1 | J4: =G4*H4*(1-I4) -> 17550 | K4: =_xlfn.RANK.EQ(Data!J4,Data!J4:J503,1) -> 257
A5: 1005 | B5: 45661 | C5: West | D5: Pooja | E5: Electronics | F5: Monitor | G5: 16 | H5: 12000 | I5: 0.15 | J5: =G5*H5*(1-I5) -> 163200 | K5: =_xlfn.RANK.EQ(Data!J5,Data!J5:J504,1) -> 449
A6: 1006 | B6: 45662 | C6: North | D6: Karan | E6: Furniture | F6: Chair | G6: 19 | H6: 4000 | I6: 0 | J6: =G6*H6*(1-I6) -> 76000 | K6: =_xlfn.RANK.EQ(Data!J6,Data!J6:J505,1) -> 349
A7: 1007 | B7: 45663 | C7: South | D7: Sara | E7: Office Supplies | F7: Notebook | G7: 2 | H7: 8000 | I7: 0.05 | J7: =G7*H7*(1-I7) -> 15200 | K7: =_xlfn.RANK.EQ(Data!J7,Data!J7:J506,1) -> 248
A8: 1008 | B8: 45664 | C8: East | D8: Vikas | E8: Electronics | F8: Keyboard | G8: 5 | H8: 10000 | I8: 0.1 | J8: =G8*H8*(1-I8) -> 45000 | K8: =_xlfn.RANK.EQ(Data!J8,Data!J8:J507,1) -> 314
A9: 1009 | B9: 45665 | C9: West | D9: Anita | E9: Furniture | F9: Table | G9: 8 | H9: 6000 | I9: 0.15 | J9: =G9*H9*(1-I9) -> 40800 | K9: =_xlfn.RANK.EQ(Data!J9,Data!J9:J508,1) -> 289
A10: 1010 | B10: 45666 | C10: North | D10: Amit | E10: Office Supplies | F10: Pen | G10: 11 | H10: 20 | I10: 0 | J10: =G10*H10*(1-I10) -> 220 | K10: =_xlfn.RANK.EQ(Data!J10,Data!J10:J509,1) -> 49
A11: 1011 | B11: 45667 | C11: South | D11: Neha | E11: Electronics | F11: Mouse | G11: 14 | H11: 100 | I11: 0.05 | J11: =G11*H11*(1-I11) -> 1330 | K11: =_xlfn.RANK.EQ(Data!J11,Data!J11:J510,1) -> 155
A12: 1012 | B12: 45668 | C12: East | D12: Ravi | E12: Furniture | F12: Cabinet | G12: 17 | H12: 50 | I12: 0.1 | J12: =G12*H12*(1-I12) -> 765 | K12: =_xlfn.RANK.EQ(Data!J12,Data!J12:J511,1) -> 130
A13: 1013 | B13: 45669 | C13: West | D13: Pooja | E13: Office Supplies | F13: File | G13: 20 | H13: 30 | I13: 0.15 | J13: =G13*H13*(1-I13) -> 510 | K13: =_xlfn.RANK.EQ(Data!J13,Data!J13:J512,1) -> 105
A14: 1014 | B14: 45670 | C14: North | D14: Karan | E14: Electronics | F14: Laptop | G14: 3 | H14: 50000 | I14: 0 | J14: =G14*H14*(1-I14) -> 150000 | K14: =_xlfn.RANK.EQ(Data!J14,Data!J14:J513,1) -> 424
... A501: 1501 | B501: 45792 | C501: West | D501: Pooja | E501: Furniture | F501: Table | G501: 4 | H501: 6000 | I501: 0.15 | J501: =G501*H501*(1-I501) -> 20400 | K501: =_xlfn.RANK.EQ(Data!J501,Data!J501:J1000,1) -> 1

Sheet Questions-solutions
A1: Excel Practice Questions (Basic to Advanced) | H1: Product | I1: Sum of Revenue
A2: 1. Total Revenue | E2: =SUM(Data!J2:J501) -> 39364165 | H2: Cabinet | I2: 16965
A3: 2. Average Revenue | E3: =AVERAGE(Data!J2:J501) -> 78728.33 | H3: Chair | I3: 1896000
A4: 3. Maximum Revenue | E4: =MAX(Data!J2:J501) -> 950000 | H4: Desk | I4: 197600
A5: 4. Minimum Revenue | E5: =MIN(Data!J2:J501) -> 45 | H5: File | I5: 12750
A6: 5. Total Units Sold | E6: =SUM(Data!G2:G501) -> 5250 | H6: Keyboard | I6: 3294000
A7: 6. Count of Orders | E7: =COUNTA(Data!A2:A501) -> 500 | H7: Laptop | I7: 22500000
A8: 7. Total Revenue for North Region | E8: =SUMIF(Data!C2:C501,"North",Data!J2:J501) -> 24405020 | H8: Marker | I8: 515700
A9: 8. Average Unit Price | E9: =AVERAGE(Data!H2:H501) -> 7744.4 | H9: Monitor | I9: 5181600
A10: 9. Count Electronics Orders | E10: =COUNTIF(Data!E2:E501,Data!E2) -> 167 | H10: Mouse | I10: 39330
A11: 10. Highest Discount | E11: =MAX(Data!I2:I501) -> 0.15 | H11: Notebook | I11: 3192000
A12: 11. Revenue after filtering Furniture (use formula) | F12: =SUMIF(Data!E2:E501,"Furniture",Data!J2:J501) -> 4619765 | H12: Pen | I12: 9020
A13: 12. Total Revenue by Amit | E13: =SUMIF(Data!D2:D501,"Amit",Data!J2:J501) -> 12294620 | H13: Table | I13: 2509200
A14: 13. Sum of Units where Region=West | E14: =SUMIF(Data!C2:C501,"West",Data!G2:G501) -> 1500 | H14: Grand Total | I14: 39364165
A15: 14. Average Revenue for Electronics | E15: =AVERAGEIF(Data!E2:E501,"Electronics",Data!J2:J501) -> 185718.14
A16: 15. Count Orders with Discount > 10% | E16: =COUNTIF(Data!I2:I501,">.10") -> 125
A17: 16. Top 5 Revenue (LARGE) | E17: =LARGE(Data!J2:J501,5) -> 950000
A18: 17. Rank each Revenue (create in Data sheet)
A19: 18. Revenue using SUMPRODUCT (Units*Price*(1-Discount)) | G19: =SUMPRODUCT(Data!G2:G501,Data!H2:H501,(1-Data!I2:I501)) -> 39364165
A20: 19. Unique Regions (UNIQUE) | E20: doesn't support unique formula
A21: 20. Revenue Pivot Table (manual practice)
