Workbook

Sheet Data
A1: OrderID | B1: Date | C1: Customer | D1: City | E1: Category | F1: Product | G1: Qty | H1: UnitPrice | I1: Discount% | J1: Salesperson | K1: Total | L1: Net
A2: 10001 | B2: 45845 | C2: Meera | D2: Patna | E2: Grocery | F2: Rice | G2: 13 | H2: 1544.73 | I2: 15 | J2: Sonal | K2: =G2*H2 -> 20081.49 | L2: =K2-(K2*I2/100) -> 17069.267
A3: 10002 | B3: 45842 | C3: Diya | D3: Mumbai | E3: Electronics | F3: Mouse | G3: 20 | H3: 1583.87 | I3: 5 | J3: Karan | K3: =G3*H3 -> 31677.4 | L3: =K3-(K3*I3/100) -> 30093.53
A4: 10003 | B4: 45974 | C4: Neha | D4: Bhopal | E4: Grocery | F4: Coffee | G4: 17 | H4: 4228.53 | I4: 20 | J4: Amit | K4: =G4*H4 -> 71885.01 | L4: =K4-(K4*I4/100) -> 57508.008
A5: 10004 | B5: 45770 | C5: Priya | D5: Pune | E5: Grocery | F5: Coffee | G5: 6 | H5: 1965.31 | I5: 15 | J5: Pooja | K5: =G5*H5 -> 11791.86 | L5: =K5-(K5*I5/100) -> 10023.081
A6: 10005 | B6: 45839 | C6: Sneha | D6: Pune | E6: Electronics | F6: Monitor | G6: 1 | H6: 4661.57 | I6: 10 | J6: Sonal | K6: =G6*H6 -> 4661.57 | L6: =K6-(K6*I6/100) -> 4195.413
A7: 10006 | B7: 45720 | C7: Diya | D7: Delhi | E7: Electronics | F7: Monitor | G7: 9 | H7: 4775.83 | I7: 20 | J7: Nitin | K7: =G7*H7 -> 42982.47 | L7: =K7-(K7*I7/100) -> 34385.976
A8: 10007 | B8: 45867 | C8: Arjun | D8: Pune | E8: Electronics | F8: Mouse | G8: 10 | H8: 2195 | I8: 5 | J8: Nitin | K8: =G8*H8 -> 21950 | L8: =K8-(K8*I8/100) -> 20852.5
A9: 10008 | B9: 45838 | C9: Vihaan | D9: Mumbai | E9: Grocery | F9: Tea | G9: 3 | H9: 1341.02 | I9: 0 | J9: Sonal | K9: =G9*H9 -> 4023.06 | L9: =K9-(K9*I9/100) -> 4023.06
A10: 10009 | B10: 45904 | C10: Diya | D10: Bhopal | E10: Office | F10: Pen | G10: 5 | H10: 3049.83 | I10: 0 | J10: Sonal | K10: =G10*H10 -> 15249.15 | L10: =K10-(K10*I10/100) -> 15249.15
A11: 10010 | B11: 45725 | C11: Meera | D11: Delhi | E11: Electronics | F11: Keyboard | G11: 3 | H11: 4281.48 | I11: 10 | J11: Nitin | K11: =G11*H11 -> 12844.44 | L11: =K11-(K11*I11/100) -> 11559.996
A12: 10011 | B12: 45971 | C12: Meera | D12: Jaipur | E12: Office | F12: Notebook | G12: 9 | H12: 3933.1 | I12: 20 | J12: Nitin | K12: =G12*H12 -> 35397.9 | L12: =K12-(K12*I12/100) -> 28318.32
A13: 10012 | B13: 45680 | C13: Neha | D13: Jaipur | E13: Electronics | F13: Keyboard | G13: 16 | H13: 1934.04 | I13: 5 | J13: Sonal | K13: =G13*H13 -> 30944.64 | L13: =K13-(K13*I13/100) -> 29397.408
... A501: 10500 | B501: 45843 | C501: Kabir | D501: Indore | E501: Electronics | F501: Mouse | G501: 6 | H501: 1258.08 | I501: 5 | J501: Amit | K501: =G501*H501 -> 7548.48 | L501: =K501-(K501*I501/100) -> 7171.056

Sheet Questions
A1: No | B1: Question
A2: 1 | B2: Total number of records? | C2: =COUNT(Data!A2:A501) -> 500 | E2: OrderID | F2: Date | G2: Customer | H2: City | I2: Category | J2: Product | K2: Qty | L2: UnitPrice | M2: Discount% | N2: Salesperson | O2: Total | P2: Net
A3: 2 | B3: Average UnitPrice | C3: =ROUND(AVERAGE(Data!H2:H501),2) -> 2579.74 | E3: 10001 | F3: 45845 | G3: Meera | H3: Patna | I3: Grocery | J3: Rice | K3: 13 | L3: 1544.73 | M3: 15 | N3: Sonal | O3: =K3*L3 -> 20081.49 | P3: =O3-(O3*M3/100) -> 17069.267
A4: 3 | B4: Highest UnitPrice | C4: =MAX(Data!H2:H501) -> 4994.29 | E4: 10002 | F4: 45842 | G4: Diya | H4: Mumbai | I4: Electronics | J4: Mouse | K4: 20 | L4: 1583.87 | M4: 5 | N4: Karan | O4: =K4*L4 -> 31677.4 | P4: =O4-(O4*M4/100) -> 30093.53
A5: 4 | B5: Lowest UnitPrice | C5: =MIN(Data!H2:H501) -> 53.45 | E5: 10003 | F5: 45974 | G5: Neha | H5: Bhopal | I5: Grocery | J5: Coffee | K5: 17 | L5: 4228.53 | M5: 20 | N5: Amit | O5: =K5*L5 -> 71885.01 | P5: =O5-(O5*M5/100) -> 57508.008
A6: 5 | B6: Total Qty | C6: =SUM(Data!G2:G501) -> 5211 | E6: 10004 | F6: 45770 | G6: Priya | H6: Pune | I6: Grocery | J6: Coffee | K6: 6 | L6: 1965.31 | M6: 15 | N6: Pooja | O6: =K6*L6 -> 11791.86 | P6: =O6-(O6*M6/100) -> 10023.081
A7: 6 | B7: Sort by UnitPrice descending | C7: doesn't support sort formula use table | E7: 10005 | F7: 45839 | G7: Sneha | H7: Pune | I7: Electronics | J7: Monitor | K7: 1 | L7: 4661.57 | M7: 10 | N7: Sonal | O7: =K7*L7 -> 4661.57 | P7: =O7-(O7*M7/100) -> 4195.413
A8: 7 | B8: Filter Electronics | C8: doesn't support filter formula use table | E8: 10006 | F8: 45720 | G8: Diya | H8: Delhi | I8: Electronics | J8: Monitor | K8: 9 | L8: 4775.83 | M8: 20 | N8: Nitin | O8: =K8*L8 -> 42982.47 | P8: =O8-(O8*M8/100) -> 34385.976
A9: 8 | B9: Count Delhi orders | C9: =COUNTIF(Data!D2:D501,"Delhi") -> 52 | E9: 10007 | F9: 45867 | G9: Arjun | H9: Pune | I9: Electronics | J9: Mouse | K9: 10 | L9: 2195 | M9: 5 | N9: Nitin | O9: =K9*L9 -> 21950 | P9: =O9-(O9*M9/100) -> 20852.5
A10: 9 | B10: Average discount | C10: =AVERAGE(Data!I2:I501) -> 10.09 | E10: 10008 | F10: 45838 | G10: Vihaan | H10: Mumbai | I10: Grocery | J10: Tea | K10: 3 | L10: 1341.02 | M10: 0 | N10: Sonal | O10: =K10*L10 -> 4023.06 | P10: =O10-(O10*M10/100) -> 4023.06
A11: 10 | B11: Max Qty | C11: =MAX(Data!G2:G501) -> 20 | E11: 10009 | F11: 45904 | G11: Diya | H11: Bhopal | I11: Office | J11: Pen | K11: 5 | L11: 3049.83 | M11: 0 | N11: Sonal | O11: =K11*L11 -> 15249.15 | P11: =O11-(O11*M11/100) -> 15249.15
A12: 11 | B12: Min Qty | C12: =MIN(Data!G2:G501) -> 1 | E12: 10010 | F12: 45725 | G12: Meera | H12: Delhi | I12: Electronics | J12: Keyboard | K12: 3 | L12: 4281.48 | M12: 10 | N12: Nitin | O12: =K12*L12 -> 12844.44 | P12: =O12-(O12*M12/100) -> 11559.996
A13: 12 | B13: Unique cities | C13: doesn't support unique formula | E13: 10011 | F13: 45971 | G13: Meera | H13: Jaipur | I13: Office | J13: Notebook | K13: 9 | L13: 3933.1 | M13: 20 | N13: Nitin | O13: =K13*L13 -> 35397.9 | P13: =O13-(O13*M13/100) -> 28318.32
A14: 13 | B14: Create Total=Qty*UnitPrice | C14: =Data!G2*Data!H2 -> 20081.49 | E14: 10012 | F14: 45680 | G14: Neha | H14: Jaipur | I14: Electronics | J14: Keyboard | K14: 16 | L14: 1934.04 | M14: 5 | N14: Sonal | O14: =K14*L14 -> 30944.64 | P14: =O14-(O14*M14/100) -> 29397.408
A15: 14 | B15: Net after discount | C15: =L2-(L2*I2/100) -> #VALUE! | E15: 10013 | F15: 45964 | G15: Aarav | H15: Mumbai | I15: Furniture | J15: Desk | K15: 17 | L15: 3573.48 | M15: 20 | N15: Pooja | O15: =K15*L15 -> 60749.16 | P15: =O15-(O15*M15/100) -> 48599.328
A16: 15 | B16: Top salesperson by orders | C16: see pivot table | E16: 10014 | F16: 46002 | G16: Ishaan | H16: Pune | I16: Grocery | J16: Coffee | K16: 2 | L16: 4119.25 | M16: 20 | N16: Amit | O16: =K16*L16 -> 8238.5 | P16: =O16-(O16*M16/100) -> 6590.8
A17: 16 | B17: Orders in June | C17: see pivot table | E17: 10015 | F17: 45863 | G17: Anaya | H17: Patna | I17: Office | J17: Notebook | K17: 12 | L17: 3746.44 | M17: 20 | N17: Karan | O17: =K17*L17 -> 44957.28 | P17: =O17-(O17*M17/100) -> 35965.824
A18: 17 | B18: Average sales by category | C18: see pivot table | E18: 10016 | F18: 45683 | G18: Anaya | H18: Jaipur | I18: Grocery | J18: Tea | K18: 20 | L18: 1527.48 | M18: 20 | N18: Nitin | O18: =K18*L18 -> 30549.6 | P18: =O18-(O18*M18/100) -> 24439.68
A19: 18 | B19: Conditional formatting Qty>15 | C19: see right side data | E19: 10017 | F19: 45715 | G19: Neha | H19: Patna | I19: Office | J19: Marker | K19: 19 | L19: 4994.29 | M19: 15 | N19: Karan | O19: =K19*L19 -> 94891.51 | P19: =O19-(O19*M19/100) -> 80657.783
A20: 19 | B20: Pivot: Qty by City | C20: see pivot table | E20: 10018 | F20: 45690 | G20: Meera | H20: Bhopal | I20: Grocery | J20: Coffee | K20: 14 | L20: 2289.57 | M20: 20 | N20: Amit | O20: =K20*L20 -> 32053.98 | P20: =O20-(O20*M20/100) -> 25643.184
A21: 20 | B21: Pivot: Sales by Category | C21: see pivot table | E21: 10019 | F21: 45853 | G21: Vihaan | H21: Lucknow | I21: Furniture | J21: Cabinet | K21: 13 | L21: 2094.82 | M21: 15 | N21: Pooja | O21: =K21*L21 -> 27232.66 | P21: =O21-(O21*M21/100) -> 23147.761
A22: 21 | B22: Lookup product category | C22: =INDEX(Data!E2:E501,MATCH(Data!F2,Data!F2:F501,0)) -> Grocery | E22: 10020 | F22: 45720 | G22: Diya | H22: Kolkata | I22: Electronics | J22: Mouse | K22: 12 | L22: 2786.09 | M22: 15 | N22: Pooja | O22: =K22*L22 -> 33433.08 | P22: =O22-(O22*M22/100) -> 28418.118
A23: 22 | B23: Rank UnitPrice | C23: =_xlfn.RANK.EQ(Data!H2,Data!H2:H501,1) -> 145 | E23: 10021 | F23: 45698 | G23: Neha | H23: Lucknow | I23: Office | J23: Pen | K23: 18 | L23: 4654.15 | M23: 20 | N23: Nitin | O23: =K23*L23 -> 83774.7 | P23: =O23-(O23*M23/100) -> 67019.76
A24: 23 | B24: Text combine Customer-City | C24: =Data!C2&"-"&Data!D2 -> Meera-Patna | E24: 10022 | F24: 45750 | G24: Kabir | H24: Bhopal | I24: Furniture | J24: Table | K24: 18 | L24: 173.08 | M24: 0 | N24: Amit | O24: =K24*L24 -> 3115.44 | P24: =O24-(O24*M24/100) -> 3115.44
A25: 24 | B25: Extract month from Date | C25: =MONTH(Data!B2) -> 7 | E25: 10023 | F25: 45906 | G25: Kabir | H25: Bhopal | I25: Office | J25: Stapler | K25: 11 | L25: 1761.18 | M25: 10 | N25: Nitin | O25: =K25*L25 -> 19372.98 | P25: =O25-(O25*M25/100) -> 17435.682
A26: 25 | B26: Create chart of Category counts | E26: 10024 | F26: 45997 | G26: Vihaan | H26: Delhi | I26: Electronics | J26: Mouse | K26: 18 | L26: 733.78 | M26: 5 | N26: Sonal | O26: =K26*L26 -> 13208.04 | P26: =O26-(O26*M26/100) -> 12547.638
E27: 10025 | F27: 45687 | G27: Meera | H27: Delhi | I27: Furniture | J27: Desk | K27: 17 | L27: 1312.74 | M27: 10 | N27: Karan | O27: =K27*L27 -> 22316.58 | P27: =O27-(O27*M27/100) -> 20084.922
E28: 10026 | F28: 45808 | G28: Arjun | H28: Mumbai | I28: Office | J28: Notebook | K28: 20 | L28: 2066.49 | M28: 15 | N28: Karan | O28: =K28*L28 -> 41329.8 | P28: =O28-(O28*M28/100) -> 35130.33
E29: 10027 | F29: 45864 | G29: Vihaan | H29: Jaipur | I29: Office | J29: Stapler | K29: 20 | L29: 418.14 | M29: 15 | N29: Nitin | O29: =K29*L29 -> 8362.8 | P29: =O29-(O29*M29/100) -> 7108.38
E30: 10028 | F30: 45678 | G30: Neha | H30: Kolkata | I30: Office | J30: Stapler | K30: 12 | L30: 4542.32 | M30: 0 | N30: Nitin | O30: =K30*L30 -> 54507.84 | P30: =O30-(O30*M30/100) -> 54507.84
E31: 10029 | F31: 45981 | G31: Meera | H31: Patna | I31: Furniture | J31: Cabinet | K31: 3 | L31: 2580.24 | M31: 15 | N31: Karan | O31: =K31*L31 -> 7740.72 | P31: =O31-(O31*M31/100) -> 6579.612
E32: 10030 | F32: 45704 | G32: Diya | H32: Chennai | I32: Office | J32: Marker | K32: 19 | L32: 3437.64 | M32: 20 | N32: Pooja | O32: =K32*L32 -> 65315.16 | P32: =O32-(O32*M32/100) -> 52252.128
E33: 10031 | F33: 45899 | G33: Arjun | H33: Jaipur | I33: Office | J33: Stapler | K33: 4 | L33: 434.33 | M33: 5 | N33: Pooja | O33: =K33*L33 -> 1737.32 | P33: =O33-(O33*M33/100) -> 1650.454
E34: 10032 | F34: 45818 | G34: Priya | H34: Indore | I34: Furniture | J34: Table | K34: 4 | L34: 337.59 | M34: 15 | N34: Amit | O34: =K34*L34 -> 1350.36 | P34: =O34-(O34*M34/100) -> 1147.806
E35: 10033 | F35: 45804 | G35: Sneha | H35: Delhi | I35: Electronics | J35: Keyboard | K35: 5 | L35: 3902.93 | M35: 5 | N35: Amit | O35: =K35*L35 -> 19514.65 | P35: =O35-(O35*M35/100) -> 18538.917
E36: 10034 | F36: 45826 | G36: Diya | H36: Jaipur | I36: Office | J36: Marker | K36: 14 | L36: 1509.22 | M36: 5 | N36: Karan | O36: =K36*L36 -> 21129.08 | P36: =O36-(O36*M36/100) -> 20072.626
E37: 10035 | F37: 45978 | G37: Aarav | H37: Lucknow | I37: Office | J37: Pen | K37: 17 | L37: 1591.6 | M37: 15 | N37: Karan | O37: =K37*L37 -> 27057.2 | P37: =O37-(O37*M37/100) -> 22998.62
E38: 10036 | F38: 45829 | G38: Vihaan | H38: Pune | I38: Grocery | J38: Tea | K38: 20 | L38: 3357.81 | M38: 10 | N38: Pooja | O38: =K38*L38 -> 67156.2 | P38: =O38-(O38*M38/100) -> 60440.58
... E502: 10500 | F502: 45843 | G502: Kabir | H502: Indore | I502: Electronics | J502: Mouse | K502: 6 | L502: 1258.08 | M502: 5 | N502: Amit | O502: =K502*L502 -> 7548.48 | P502: =O502-(O502*M502/100) -> 7171.056

Sheet soln
A3: salesperson | B3: Sum of Qty | D3: category | E3: Sum of Qty | G3: category | H3: Average of Total | J3: city | K3: Sum of Qty
A4: Amit | B4: 1012 | D4: Electronics | E4: 1311 | G4: Electronics | H4: 28150.883 | J4: Bhopal | K4: 601
A5: Karan | B5: 1124 | D5: Furniture | E5: 1093 | G5: Furniture | H5: 26757.247 | J5: Chennai | K5: 495
A6: Nitin | B6: 1083 | D6: Grocery | E6: 1331 | G6: Grocery | H6: 27580.842 | J6: Delhi | K6: 508
A7: Pooja | B7: 815 | D7: Office | E7: 1476 | G7: Office | H7: 27757.77 | J7: Indore | K7: 434
A8: Sonal | B8: 1177 | D8: Grand Total | E8: 5211 | G8: Grand Total | H8: 27597.079 | J8: Jaipur | K8: 707
A9: Grand Total | B9: 5211 | J9: Kolkata | K9: 517
D10: category | E10: Count of Qty | J10: Lucknow | K10: 527
A11: month | B11: Sum of Qty | D11: Electronics | E11: 129 | J11: Mumbai | K11: 492
A12: Jun | B12: 361 | D12: Furniture | E12: 108 | J12: Patna | K12: 397
A13: Grand Total | B13: 361 | D13: Grocery | E13: 130 | J13: Pune | K13: 533
D14: Office | E14: 133 | J14: Grand Total | K14: 5211
D15: Grand Total | E15: 500
